id,kode_provinsi,nama_provinsi,bps_kode_kabupaten_kota,bps_nama_kabupaten_kota,bps_kode_kecamatan,bps_nama_kecamatan,bps_kode_desa_kelurahan,bps_desa_kelurahan,kemendagri_kode_kecamatan,kemendagri_nama_kecamatan,kemendagri_kode_desa_kelurahan,kemendagri_nama_desa_kelurahan,nama_unit_bank_sampah,alamat_bank_sampah,tahun
1,32,JAWA BARAT,3273,KOTA BANDUNG,3273210,CIBEUNYING KIDUL,3273210002,CICADAS,32.73.14,CIBEUNYING KIDUL,32.73.14.1003,CICADAS,BANK SAMPAH TERATAI INDAH,RW 10,2019
2,32,JAWA BARAT,3273,KOTA BANDUNG,3273210,CIBEUNYING KIDUL,3273210002,CICADAS,32.73.14,CIBEUNYING KIDUL,32.73.14.1003,CICADAS,BANK SAMPAH  MANDIRI,RW 11,2019
3,32,JAWA BARAT,3273,KOTA BANDUNG,3273210,CIBEUNYING KIDUL,3273210003,CIKUTRA,32.73.14,CIBEUNYING KIDUL,32.73.14.1002,CIKUTRA,BANK SAMPAH LESTARI HIJAU,RW 04,2019
4,32,JAWA BARAT,3273,KOTA BANDUNG,3273210,CIBEUNYING KIDUL,3273210003,CIKUTRA,32.73.14,CIBEUNYING KIDUL,32.73.14.1002,CIKUTRA,BANK SAMPAH LESTARI HIJAU,RW 07,2019
5,32,JAWA BARAT,3273,KOTA BANDUNG,3273210,CIBEUNYING KIDUL,3273210003,CIKUTRA,32.73.14,CIBEUNYING KIDUL,32.73.14.1002,CIKUTRA,BANK SAMPAH DAHLIA,RW 08,2019
6,32,JAWA BARAT,3273,KOTA BANDUNG,3273210,CIBEUNYING KIDUL,3273210002,CICADAS,32.73.14,CIBEUNYING KIDUL,32.73.14.1003,CICADAS,BANK SAMPAH SAUYUNAN,RW 01,2020
7,32,JAWA BARAT,3273,KOTA BANDUNG,3273210,CIBEUNYING KIDUL,3273210002,CICADAS,32.73.14,CIBEUNYING KIDUL,32.73.14.1003,CICADAS,BANK SAMPAH BUNGA TANJUNG,RW 02,2020
8,32,JAWA BARAT,3273,KOTA BANDUNG,3273210,CIBEUNYING KIDUL,3273210002,CICADAS,32.73.14,CIBEUNYING KIDUL,32.73.14.1003,CICADAS,BANK SAMPAH JEMBAR JAYA,RW 03,2020
9,32,JAWA BARAT,3273,KOTA BANDUNG,3273210,CIBEUNYING KIDUL,3273210002,CICADAS,32.73.14,CIBEUNYING KIDUL,32.73.14.1003,CICADAS,BANK SAMPAH NAWAWI,RW 04,2020
10,32,JAWA BARAT,3273,KOTA BANDUNG,3273210,CIBEUNYING KIDUL,3273210002,CICADAS,32.73.14,CIBEUNYING KIDUL,32.73.14.1003,CICADAS,BANK SAMPAH JEMBAR INDAH,RW 05,2020
11,32,JAWA BARAT,3273,KOTA BANDUNG,3273210,CIBEUNYING KIDUL,3273210002,CICADAS,32.73.14,CIBEUNYING KIDUL,32.73.14.1003,CICADAS,BANK SAMPAH BHAYANGKARA,RW 06,2020
12,32,JAWA BARAT,3273,KOTA BANDUNG,3273210,CIBEUNYING KIDUL,3273210002,CICADAS,32.73.14,CIBEUNYING KIDUL,32.73.14.1003,CICADAS,BANK SAMPAH TERATAI,RW 07,2020
13,32,JAWA BARAT,3273,KOTA BANDUNG,3273210,CIBEUNYING KIDUL,3273210002,CICADAS,32.73.14,CIBEUNYING KIDUL,32.73.14.1003,CICADAS,BANK SAMPAH MELATI,RW 08,2020
14,32,JAWA BARAT,3273,KOTA BANDUNG,3273210,CIBEUNYING KIDUL,3273210002,CICADAS,32.73.14,CIBEUNYING KIDUL,32.73.14.1003,CICADAS,BANK SAMPAH HEGAR RESIK,RW 09,2020
15,32,JAWA BARAT,3273,KOTA BANDUNG,3273210,CIBEUNYING KIDUL,3273210002,CICADAS,32.73.14,CIBEUNYING KIDUL,32.73.14.1003,CICADAS,BANK SAMPAH TERATAI INDAH,RW 10,2020
16,32,JAWA BARAT,3273,KOTA BANDUNG,3273210,CIBEUNYING KIDUL,3273210002,CICADAS,32.73.14,CIBEUNYING KIDUL,32.73.14.1003,CICADAS,BANK SAMPAH KENARI,RW 11,2020
17,32,JAWA BARAT,3273,KOTA BANDUNG,3273210,CIBEUNYING KIDUL,3273210002,CICADAS,32.73.14,CIBEUNYING KIDUL,32.73.14.1003,CICADAS,BANK SAMPAH ANGGREK,RW 12,2020
18,32,JAWA BARAT,3273,KOTA BANDUNG,3273210,CIBEUNYING KIDUL,3273210002,CICADAS,32.73.14,CIBEUNYING KIDUL,32.73.14.1003,CICADAS,BANK SAMPAH YUDHA,RW 13,2020
19,32,JAWA BARAT,3273,KOTA BANDUNG,3273210,CIBEUNYING KIDUL,3273210002,CICADAS,32.73.14,CIBEUNYING KIDUL,32.73.14.1003,CICADAS,BANK SAMPAH DAHLIA,RW 14,2020
20,32,JAWA BARAT,3273,KOTA BANDUNG,3273210,CIBEUNYING KIDUL,3273210002,CICADAS,32.73.14,CIBEUNYING KIDUL,32.73.14.1003,CICADAS,BANK SAMPAH BERKAH,RW 15,2020
21,32,JAWA BARAT,3273,KOTA BANDUNG,3273210,CIBEUNYING KIDUL,3273210003,CIKUTRA,32.73.14,CIBEUNYING KIDUL,32.73.14.1002,CIKUTRA,BANK SAMPAH LESTARI HIJAU,RW 04,2020
22,32,JAWA BARAT,3273,KOTA BANDUNG,3273210,CIBEUNYING KIDUL,3273210003,CIKUTRA,32.73.14,CIBEUNYING KIDUL,32.73.14.1002,CIKUTRA,BANK SAMPAH LESTARI HIJAU,RW 07,2020
23,32,JAWA BARAT,3273,KOTA BANDUNG,3273210,CIBEUNYING KIDUL,3273210003,CIKUTRA,32.73.14,CIBEUNYING KIDUL,32.73.14.1002,CIKUTRA,BANK SAMPAH DAHLIA,RW 08,2020
24,32,JAWA BARAT,3273,KOTA BANDUNG,3273210,CIBEUNYING KIDUL,3273210005,PASIRLAYUNG,32.73.14,CIBEUNYING KIDUL,32.73.14.1006,PASIRLAYUNG,BANK SAMPAH HIJAU LESTARI,RT 06 RW 01,2020
25,32,JAWA BARAT,3273,KOTA BANDUNG,3273210,CIBEUNYING KIDUL,3273210005,PASIRLAYUNG,32.73.14,CIBEUNYING KIDUL,32.73.14.1006,PASIRLAYUNG,BANK SAMPAH HIJAU LESTARI,RT 07 RW 01,2020
26,32,JAWA BARAT,3273,KOTA BANDUNG,3273210,CIBEUNYING KIDUL,3273210005,PASIRLAYUNG,32.73.14,CIBEUNYING KIDUL,32.73.14.1006,PASIRLAYUNG,BANK SAMPAH HIJAU LESTARI,RT 02 RW 05,2020
27,32,JAWA BARAT,3273,KOTA BANDUNG,3273210,CIBEUNYING KIDUL,3273210005,PASIRLAYUNG,32.73.14,CIBEUNYING KIDUL,32.73.14.1006,PASIRLAYUNG,BANK SAMPAH HIJAU LESTARI,RT 02 RW 012,2020
28,32,JAWA BARAT,3273,KOTA BANDUNG,3273210,CIBEUNYING KIDUL,3273210005,PASIRLAYUNG,32.73.14,CIBEUNYING KIDUL,32.73.14.1006,PASIRLAYUNG,BANK SAMPAH BANK SAMPAH RW 08,RT 04 RW 08,2020
29,32,JAWA BARAT,3273,KOTA BANDUNG,3273210,CIBEUNYING KIDUL,3273210005,PASIRLAYUNG,32.73.14,CIBEUNYING KIDUL,32.73.14.1006,PASIRLAYUNG,BANK SAMPAH HIJAU LESTARI,RT 06 RW 012,2020
30,32,JAWA BARAT,3273,KOTA BANDUNG,3273210,CIBEUNYING KIDUL,3273210001,SUKAMAJU,32.73.14,CIBEUNYING KIDUL,32.73.14.1004,SUKAMAJU,BANK SAMPAH FLAMBOYAN,JL. UWAS,2020
31,32,JAWA BARAT,3273,KOTA BANDUNG,3273210,CIBEUNYING KIDUL,3273210001,SUKAMAJU,32.73.14,CIBEUNYING KIDUL,32.73.14.1004,SUKAMAJU,BANK SAMPAH ANGGREK,,2020
32,32,JAWA BARAT,3273,KOTA BANDUNG,3273210,CIBEUNYING KIDUL,3273210001,SUKAMAJU,32.73.14,CIBEUNYING KIDUL,32.73.14.1004,SUKAMAJU,BANK SAMPAH DAHLIA,JL. CIHUNI,2020
33,32,JAWA BARAT,3273,KOTA BANDUNG,3273210,CIBEUNYING KIDUL,3273210001,SUKAMAJU,32.73.14,CIBEUNYING KIDUL,32.73.14.1004,SUKAMAJU,BANK SAMPAH TERATAI,JL. CIKASO BARAT RT 01,2020
34,32,JAWA BARAT,3273,KOTA BANDUNG,3273210,CIBEUNYING KIDUL,3273210001,SUKAMAJU,32.73.14,CIBEUNYING KIDUL,32.73.14.1004,SUKAMAJU,BANK SAMPAH SAKURA,JL. CIHUNI,2020
35,32,JAWA BARAT,3273,KOTA BANDUNG,3273210,CIBEUNYING KIDUL,3273210001,SUKAMAJU,32.73.14,CIBEUNYING KIDUL,32.73.14.1004,SUKAMAJU,BANK SAMPAH MELATI,,2020
36,32,JAWA BARAT,3273,KOTA BANDUNG,3273210,CIBEUNYING KIDUL,3273210001,SUKAMAJU,32.73.14,CIBEUNYING KIDUL,32.73.14.1004,SUKAMAJU,BANK SAMPAH TULIP,JL. CIWAREGU,2020
37,32,JAWA BARAT,3273,KOTA BANDUNG,3273210,CIBEUNYING KIDUL,3273210001,SUKAMAJU,32.73.14,CIBEUNYING KIDUL,32.73.14.1004,SUKAMAJU,BANK SAMPAH KENANGA,JL. SUSMITA NO. 15 RT 01,2020
38,32,JAWA BARAT,3273,KOTA BANDUNG,3273210,CIBEUNYING KIDUL,3273210001,SUKAMAJU,32.73.14,CIBEUNYING KIDUL,32.73.14.1004,SUKAMAJU,BANK SAMPAH MAWAR,JL. MADTASAN NO. 236/41Â  RT 08,2020
39,32,JAWA BARAT,3273,KOTA BANDUNG,3273210,CIBEUNYING KIDUL,3273210001,SUKAMAJU,32.73.14,CIBEUNYING KIDUL,32.73.14.1004,SUKAMAJU,BANK SAMPAH ASTER,JL. SUKAMAJU RT 01 RW 01,2020
40,32,JAWA BARAT,3273,KOTA BANDUNG,3273210,CIBEUNYING KIDUL,3273210001,SUKAMAJU,32.73.14,CIBEUNYING KIDUL,32.73.14.1004,SUKAMAJU,BANK SAMPAH ANYELIR,JL. JUNAEDI,2020
41,32,JAWA BARAT,3273,KOTA BANDUNG,3273210,CIBEUNYING KIDUL,3273210001,SUKAMAJU,32.73.14,CIBEUNYING KIDUL,32.73.14.1004,SUKAMAJU,BANK SAMPAH CEMPAKA,JL. PEMUDA,2020
42,32,JAWA BARAT,3273,KOTA BANDUNG,3273210,CIBEUNYING KIDUL,3273210003,CIKUTRA,32.73.14,CIBEUNYING KIDUL,32.73.14.1002,CIKUTRA,BANK SAMPAH LESTARI HIJAU,RW 04,2021
43,32,JAWA BARAT,3273,KOTA BANDUNG,3273210,CIBEUNYING KIDUL,3273210003,CIKUTRA,32.73.14,CIBEUNYING KIDUL,32.73.14.1002,CIKUTRA,BANK SAMPAH LESTARI HIJAU,RW 07,2021
44,32,JAWA BARAT,3273,KOTA BANDUNG,3273210,CIBEUNYING KIDUL,3273210003,CIKUTRA,32.73.14,CIBEUNYING KIDUL,32.73.14.1002,CIKUTRA,BANK SAMPAH DAHLIA,RW 08,2021
45,32,JAWA BARAT,3273,KOTA BANDUNG,3273210,CIBEUNYING KIDUL,3273210002,CICADAS,32.73.14,CIBEUNYING KIDUL,32.73.14.1003,CICADAS,BANK SAMPAH SAUYUNAN,RW 01,2021
46,32,JAWA BARAT,3273,KOTA BANDUNG,3273210,CIBEUNYING KIDUL,3273210002,CICADAS,32.73.14,CIBEUNYING KIDUL,32.73.14.1003,CICADAS,BANK SAMPAH BUNGA TANJUNG,RW 02,2021
47,32,JAWA BARAT,3273,KOTA BANDUNG,3273210,CIBEUNYING KIDUL,3273210002,CICADAS,32.73.14,CIBEUNYING KIDUL,32.73.14.1003,CICADAS,BANK SAMPAH JEMBAR JAYA,RW 03,2021
48,32,JAWA BARAT,3273,KOTA BANDUNG,3273210,CIBEUNYING KIDUL,3273210002,CICADAS,32.73.14,CIBEUNYING KIDUL,32.73.14.1003,CICADAS,BANK SAMPAH NAWAWI,RW 04,2021
49,32,JAWA BARAT,3273,KOTA BANDUNG,3273210,CIBEUNYING KIDUL,3273210002,CICADAS,32.73.14,CIBEUNYING KIDUL,32.73.14.1003,CICADAS,BANK SAMPAH JEMBAR INDAH,RW 05,2021
50,32,JAWA BARAT,3273,KOTA BANDUNG,3273210,CIBEUNYING KIDUL,3273210002,CICADAS,32.73.14,CIBEUNYING KIDUL,32.73.14.1003,CICADAS,BANK SAMPAH BHAYANGKARA,RW 06,2021
51,32,JAWA BARAT,3273,KOTA BANDUNG,3273210,CIBEUNYING KIDUL,3273210002,CICADAS,32.73.14,CIBEUNYING KIDUL,32.73.14.1003,CICADAS,BANK SAMPAH TERATAI,RW 07,2021
52,32,JAWA BARAT,3273,KOTA BANDUNG,3273210,CIBEUNYING KIDUL,3273210002,CICADAS,32.73.14,CIBEUNYING KIDUL,32.73.14.1003,CICADAS,BANK SAMPAH MELATI,RW 08,2021
53,32,JAWA BARAT,3273,KOTA BANDUNG,3273210,CIBEUNYING KIDUL,3273210002,CICADAS,32.73.14,CIBEUNYING KIDUL,32.73.14.1003,CICADAS,BANK SAMPAH HEGAR RESIK,RW 09,2021
54,32,JAWA BARAT,3273,KOTA BANDUNG,3273210,CIBEUNYING KIDUL,3273210002,CICADAS,32.73.14,CIBEUNYING KIDUL,32.73.14.1003,CICADAS,BANK SAMPAH TERATAI INDAH,RW 10,2021
55,32,JAWA BARAT,3273,KOTA BANDUNG,3273210,CIBEUNYING KIDUL,3273210002,CICADAS,32.73.14,CIBEUNYING KIDUL,32.73.14.1003,CICADAS,BANK SAMPAH KENARI,RW 11,2021
56,32,JAWA BARAT,3273,KOTA BANDUNG,3273210,CIBEUNYING KIDUL,3273210002,CICADAS,32.73.14,CIBEUNYING KIDUL,32.73.14.1003,CICADAS,BANK SAMPAH ANGGREK,RW 12,2021
57,32,JAWA BARAT,3273,KOTA BANDUNG,3273210,CIBEUNYING KIDUL,3273210002,CICADAS,32.73.14,CIBEUNYING KIDUL,32.73.14.1003,CICADAS,BANK SAMPAH YUDHA,RW 13,2021
58,32,JAWA BARAT,3273,KOTA BANDUNG,3273210,CIBEUNYING KIDUL,3273210002,CICADAS,32.73.14,CIBEUNYING KIDUL,32.73.14.1003,CICADAS,BANK SAMPAH DAHLIA,RW 14,2021
59,32,JAWA BARAT,3273,KOTA BANDUNG,3273210,CIBEUNYING KIDUL,3273210002,CICADAS,32.73.14,CIBEUNYING KIDUL,32.73.14.1003,CICADAS,BANK SAMPAH BERKAH,RW 15,2021
60,32,JAWA BARAT,3273,KOTA BANDUNG,3273210,CIBEUNYING KIDUL,3273210005,PASIRLAYUNG,32.73.14,CIBEUNYING KIDUL,32.73.14.1006,PASIRLAYUNG,BANK SAMPAH HIJAU LESTARI,RT 06 RW 01,2021
61,32,JAWA BARAT,3273,KOTA BANDUNG,3273210,CIBEUNYING KIDUL,3273210005,PASIRLAYUNG,32.73.14,CIBEUNYING KIDUL,32.73.14.1006,PASIRLAYUNG,BANK SAMPAH HIJAU LESTARI,RT 07 RW 01,2021
62,32,JAWA BARAT,3273,KOTA BANDUNG,3273210,CIBEUNYING KIDUL,3273210005,PASIRLAYUNG,32.73.14,CIBEUNYING KIDUL,32.73.14.1006,PASIRLAYUNG,BANK SAMPAH HIJAU LESTARI,RT 02 RW 05,2021
63,32,JAWA BARAT,3273,KOTA BANDUNG,3273210,CIBEUNYING KIDUL,3273210005,PASIRLAYUNG,32.73.14,CIBEUNYING KIDUL,32.73.14.1006,PASIRLAYUNG,BANK SAMPAH HIJAU LESTARI,RT 02 RW 012,2021
64,32,JAWA BARAT,3273,KOTA BANDUNG,3273210,CIBEUNYING KIDUL,3273210005,PASIRLAYUNG,32.73.14,CIBEUNYING KIDUL,32.73.14.1006,PASIRLAYUNG,BANK SAMPAH BANK SAMPAH RW 08,RT 04 RW 08,2021
65,32,JAWA BARAT,3273,KOTA BANDUNG,3273210,CIBEUNYING KIDUL,3273210005,PASIRLAYUNG,32.73.14,CIBEUNYING KIDUL,32.73.14.1006,PASIRLAYUNG,BANK SAMPAH HIJAU LESTARI,RT 06 RW 012,2021
66,32,JAWA BARAT,3273,KOTA BANDUNG,3273210,CIBEUNYING KIDUL,3273210001,SUKAMAJU,32.73.14,CIBEUNYING KIDUL,32.73.14.1004,SUKAMAJU,BANK SAMPAH FLAMBOYAN,JL. UWAS,2021
67,32,JAWA BARAT,3273,KOTA BANDUNG,3273210,CIBEUNYING KIDUL,3273210001,SUKAMAJU,32.73.14,CIBEUNYING KIDUL,32.73.14.1004,SUKAMAJU,BANK SAMPAH ANGGREK,,2021
68,32,JAWA BARAT,3273,KOTA BANDUNG,3273210,CIBEUNYING KIDUL,3273210001,SUKAMAJU,32.73.14,CIBEUNYING KIDUL,32.73.14.1004,SUKAMAJU,BANK SAMPAH DAHLIA,JL. CIHUNI,2021
69,32,JAWA BARAT,3273,KOTA BANDUNG,3273210,CIBEUNYING KIDUL,3273210001,SUKAMAJU,32.73.14,CIBEUNYING KIDUL,32.73.14.1004,SUKAMAJU,BANK SAMPAH TERATAI,JL. CIKASO BARAT RT.01,2021
70,32,JAWA BARAT,3273,KOTA BANDUNG,3273210,CIBEUNYING KIDUL,3273210001,SUKAMAJU,32.73.14,CIBEUNYING KIDUL,32.73.14.1004,SUKAMAJU,BANK SAMPAH SAKURA,JL. CIHUNI,2021
71,32,JAWA BARAT,3273,KOTA BANDUNG,3273210,CIBEUNYING KIDUL,3273210001,SUKAMAJU,32.73.14,CIBEUNYING KIDUL,32.73.14.1004,SUKAMAJU,BANK SAMPAH MELATI,,2021
72,32,JAWA BARAT,3273,KOTA BANDUNG,3273210,CIBEUNYING KIDUL,3273210001,SUKAMAJU,32.73.14,CIBEUNYING KIDUL,32.73.14.1004,SUKAMAJU,BANK SAMPAH TULIP,JL. CIWAREGU,2021
73,32,JAWA BARAT,3273,KOTA BANDUNG,3273210,CIBEUNYING KIDUL,3273210001,SUKAMAJU,32.73.14,CIBEUNYING KIDUL,32.73.14.1004,SUKAMAJU,BANK SAMPAH KENANGA,JL. SUSMITA NO.15 RT.01,2021
74,32,JAWA BARAT,3273,KOTA BANDUNG,3273210,CIBEUNYING KIDUL,3273210001,SUKAMAJU,32.73.14,CIBEUNYING KIDUL,32.73.14.1004,SUKAMAJU,BANK SAMPAH MAWAR,"JL. MADTASAN NO.236/41 
  RT.08",2021
75,32,JAWA BARAT,3273,KOTA BANDUNG,3273210,CIBEUNYING KIDUL,3273210001,SUKAMAJU,32.73.14,CIBEUNYING KIDUL,32.73.14.1004,SUKAMAJU,BANK SAMPAH ASTER,JL. SUKAMAJU RT.01 RW. 01,2021
76,32,JAWA BARAT,3273,KOTA BANDUNG,3273210,CIBEUNYING KIDUL,3273210001,SUKAMAJU,32.73.14,CIBEUNYING KIDUL,32.73.14.1004,SUKAMAJU,BANK SAMPAH ANYELIR,JL. JUNAEDI,2021
77,32,JAWA BARAT,3273,KOTA BANDUNG,3273210,CIBEUNYING KIDUL,3273210001,SUKAMAJU,32.73.14,CIBEUNYING KIDUL,32.73.14.1004,SUKAMAJU,BANK SAMPAH CEMPAKA,JL. PEMUDA,2021
78,32,JAWA BARAT,3273,KOTA BANDUNG,3273210,CIBEUNYING KIDUL,3273210001,SUKAMAJU,32.73.14,CIBEUNYING KIDUL,32.73.14.1004,SUKAMAJU,BANK SAMPAH RW 02,GG BAHAGIA NO 28/41 RT 08/02,2022
79,32,JAWA BARAT,3273,KOTA BANDUNG,3273210,CIBEUNYING KIDUL,3273210001,SUKAMAJU,32.73.14,CIBEUNYING KIDUL,32.73.14.1004,SUKAMAJU,BANK SAMPAH RW 03,JL. CIKASO NO. 84 RT 01/03,2022
80,32,JAWA BARAT,3273,KOTA BANDUNG,3273210,CIBEUNYING KIDUL,3273210001,SUKAMAJU,32.73.14,CIBEUNYING KIDUL,32.73.14.1004,SUKAMAJU,BANK SAMPAH RW 04,JL. CIKASO BARAT II NO 12 RT 06/04,2022
81,32,JAWA BARAT,3273,KOTA BANDUNG,3273210,CIBEUNYING KIDUL,3273210001,SUKAMAJU,32.73.14,CIBEUNYING KIDUL,32.73.14.1004,SUKAMAJU,BANK SAMPAH RW 05,JL. CISADEA NO 14C RT 04/05,2022
82,32,JAWA BARAT,3273,KOTA BANDUNG,3273210,CIBEUNYING KIDUL,3273210001,SUKAMAJU,32.73.14,CIBEUNYING KIDUL,32.73.14.1004,SUKAMAJU,BANK SAMPAH RW 06,JL. SADIREJA NO 344/ 41 RT 03/06,2022
83,32,JAWA BARAT,3273,KOTA BANDUNG,3273210,CIBEUNYING KIDUL,3273210001,SUKAMAJU,32.73.14,CIBEUNYING KIDUL,32.73.14.1004,SUKAMAJU,BANK SAMPAH RW 07,JL. CITAMIANG NO 68 RT 01/07,2022
84,32,JAWA BARAT,3273,KOTA BANDUNG,3273210,CIBEUNYING KIDUL,3273210001,SUKAMAJU,32.73.14,CIBEUNYING KIDUL,32.73.14.1004,SUKAMAJU,BANK SAMPAH RW 09,JL. UDIN NO 3 RT 05/09,2022
85,32,JAWA BARAT,3273,KOTA BANDUNG,3273210,CIBEUNYING KIDUL,3273210001,SUKAMAJU,32.73.14,CIBEUNYING KIDUL,32.73.14.1004,SUKAMAJU,BANK SAMPAH RW 10,JL. TERUSAN CITAMIANG NO 1 06/010,2022
86,32,JAWA BARAT,3273,KOTA BANDUNG,3273210,CIBEUNYING KIDUL,3273210001,SUKAMAJU,32.73.14,CIBEUNYING KIDUL,32.73.14.1004,SUKAMAJU,BANK SAMPAH RW 11,JL. JUNAEDI NO 19 RT 02/011,2022
87,32,JAWA BARAT,3273,KOTA BANDUNG,3273210,CIBEUNYING KIDUL,3273210001,SUKAMAJU,32.73.14,CIBEUNYING KIDUL,32.73.14.1004,SUKAMAJU,BANK SAMPAH RW 12,JL. SUKARASA NO 58/143G RT 03/012,2022
88,32,JAWA BARAT,3273,KOTA BANDUNG,3273210,CIBEUNYING KIDUL,3273210005,PASIRLAYUNG,32.73.14,CIBEUNYING KIDUL,32.73.14.1006,PASIRLAYUNG,BANK SAMPAH UNIT GVR. RW 01,"GREEN VALLEY RESIDENCE 
  BLOK C14 RT 7, RW 1, PASIRLAYUNG",2022
89,32,JAWA BARAT,3273,KOTA BANDUNG,3273210,CIBEUNYING KIDUL,3273210005,PASIRLAYUNG,32.73.14,CIBEUNYING KIDUL,32.73.14.1006,PASIRLAYUNG,BANK SAMPAH UNIT RW 01,"GEDUNG SERBA GUNA PASIRLAYUNG ASRI                    RT 6, RW 1, PASIRLAYUNG",2022
90,32,JAWA BARAT,3273,KOTA BANDUNG,3273210,CIBEUNYING KIDUL,3273210005,PASIRLAYUNG,32.73.14,CIBEUNYING KIDUL,32.73.14.1006,PASIRLAYUNG,BANK SAMPAH UNIT RW02,RW02,2022
91,32,JAWA BARAT,3273,KOTA BANDUNG,3273210,CIBEUNYING KIDUL,3273210005,PASIRLAYUNG,32.73.14,CIBEUNYING KIDUL,32.73.14.1006,PASIRLAYUNG,BANK SAMPAH UNIT RW03,RW03,2022
92,32,JAWA BARAT,3273,KOTA BANDUNG,3273210,CIBEUNYING KIDUL,3273210005,PASIRLAYUNG,32.73.14,CIBEUNYING KIDUL,32.73.14.1006,PASIRLAYUNG,BANK SAMPAH UNIT RW04,RW 04,2022
93,32,JAWA BARAT,3273,KOTA BANDUNG,3273210,CIBEUNYING KIDUL,3273210005,PASIRLAYUNG,32.73.14,CIBEUNYING KIDUL,32.73.14.1006,PASIRLAYUNG,BANK SAMPAH UNIT RW 05,RW 05,2022
94,32,JAWA BARAT,3273,KOTA BANDUNG,3273210,CIBEUNYING KIDUL,3273210005,PASIRLAYUNG,32.73.14,CIBEUNYING KIDUL,32.73.14.1006,PASIRLAYUNG,BANK SAMPAH UNIT RW 06,RW 06,2022
95,32,JAWA BARAT,3273,KOTA BANDUNG,3273210,CIBEUNYING KIDUL,3273210005,PASIRLAYUNG,32.73.14,CIBEUNYING KIDUL,32.73.14.1006,PASIRLAYUNG,BANK SAMPAH UNIT RW 07,RW 07,2022
96,32,JAWA BARAT,3273,KOTA BANDUNG,3273210,CIBEUNYING KIDUL,3273210005,PASIRLAYUNG,32.73.14,CIBEUNYING KIDUL,32.73.14.1006,PASIRLAYUNG,BANK SAMPAH UNIT RW 08,RW 08,2022
97,32,JAWA BARAT,3273,KOTA BANDUNG,3273210,CIBEUNYING KIDUL,3273210005,PASIRLAYUNG,32.73.14,CIBEUNYING KIDUL,32.73.14.1006,PASIRLAYUNG,BANK SAMPAH UNIT RW 09,RW09,2022
98,32,JAWA BARAT,3273,KOTA BANDUNG,3273210,CIBEUNYING KIDUL,3273210005,PASIRLAYUNG,32.73.14,CIBEUNYING KIDUL,32.73.14.1006,PASIRLAYUNG,BANK SAMPAH UNIT RW 12,RW 12,2022
99,32,JAWA BARAT,3273,KOTA BANDUNG,3273210,CIBEUNYING KIDUL,3273210005,PASIRLAYUNG,32.73.14,CIBEUNYING KIDUL,32.73.14.1006,PASIRLAYUNG,BANK SAMPAH UNIT RW 13,RW 13,2022
100,32,JAWA BARAT,3273,KOTA BANDUNG,3273210,CIBEUNYING KIDUL,3273210005,PASIRLAYUNG,32.73.14,CIBEUNYING KIDUL,32.73.14.1006,PASIRLAYUNG,BANK SAMPAH UNIT KELURAHAN PASIRLAYUNG,KANTOR KELURAHAN PASIRLAYUNG,2022
101,32,JAWA BARAT,3273,KOTA BANDUNG,3273210,CIBEUNYING KIDUL,3273210004,PADASUKA,32.73.14,CIBEUNYING KIDUL,32.73.14.1001,PADASUKA,BANK SAMPAH RW 01,JL. PADASUKA RT 02 RW 01,2022
102,32,JAWA BARAT,3273,KOTA BANDUNG,3273210,CIBEUNYING KIDUL,3273210004,PADASUKA,32.73.14,CIBEUNYING KIDUL,32.73.14.1001,PADASUKA,BANK SAMPAH PADASUKA MANDIRI,JL. PADASUKA NO. 13 RT 02 RW 01,2022
103,32,JAWA BARAT,3273,KOTA BANDUNG,3273210,CIBEUNYING KIDUL,3273210004,PADASUKA,32.73.14,CIBEUNYING KIDUL,32.73.14.1001,PADASUKA,BANK SAMPAH TERARAI,JL. BABAKAN ANDIR RT 05 RW 02,2022
104,32,JAWA BARAT,3273,KOTA BANDUNG,3273210,CIBEUNYING KIDUL,3273210004,PADASUKA,32.73.14,CIBEUNYING KIDUL,32.73.14.1001,PADASUKA,BANK SAMPAH SAUYUNAN,JL. SUKASIRNA RT 05 RW 03,2022
105,32,JAWA BARAT,3273,KOTA BANDUNG,3273210,CIBEUNYING KIDUL,3273210004,PADASUKA,32.73.14,CIBEUNYING KIDUL,32.73.14.1001,PADASUKA,BANK SAMPAH NEGLASARI SELATAN,JL. NEGLASARI SELATAN RT 06 RW 04,2022
106,32,JAWA BARAT,3273,KOTA BANDUNG,3273210,CIBEUNYING KIDUL,3273210004,PADASUKA,32.73.14,CIBEUNYING KIDUL,32.73.14.1001,PADASUKA,BANK SAMPAH MELATI PUTIH,JL. CIDURIAN UTARA RT 05 RW 05,2022
107,32,JAWA BARAT,3273,KOTA BANDUNG,3273210,CIBEUNYING KIDUL,3273210004,PADASUKA,32.73.14,CIBEUNYING KIDUL,32.73.14.1001,PADASUKA,BANK SAMPAH TANJUNG,JL. BBK H TAMIM RT 01 RW 06,2022
108,32,JAWA BARAT,3273,KOTA BANDUNG,3273210,CIBEUNYING KIDUL,3273210004,PADASUKA,32.73.14,CIBEUNYING KIDUL,32.73.14.1001,PADASUKA,BANK SAMPAH CITRA,JL. CIDURIAN UTRA RT 02 RW 07,2022
109,32,JAWA BARAT,3273,KOTA BANDUNG,3273210,CIBEUNYING KIDUL,3273210004,PADASUKA,32.73.14,CIBEUNYING KIDUL,32.73.14.1001,PADASUKA,BANK SAMPAH ROS,JL. SUKAMENAK RW 08,2022
110,32,JAWA BARAT,3273,KOTA BANDUNG,3273210,CIBEUNYING KIDUL,3273210004,PADASUKA,32.73.14,CIBEUNYING KIDUL,32.73.14.1001,PADASUKA,BANK SAMPAH PLAMBOYAN,JL. M ENTO RT 06 RW 09,2022
111,32,JAWA BARAT,3273,KOTA BANDUNG,3273210,CIBEUNYING KIDUL,3273210004,PADASUKA,32.73.14,CIBEUNYING KIDUL,32.73.14.1001,PADASUKA,BANK SAMPAH LET'GO,JL. SEKEPONDOK II RT 01 RW 10,2022
112,32,JAWA BARAT,3273,KOTA BANDUNG,3273210,CIBEUNYING KIDUL,3273210004,PADASUKA,32.73.14,CIBEUNYING KIDUL,32.73.14.1001,PADASUKA,BANK SAMPAH MAWAR,JL. SEKEPONDOK III RT 07 RW 11,2022
113,32,JAWA BARAT,3273,KOTA BANDUNG,3273210,CIBEUNYING KIDUL,3273210004,PADASUKA,32.73.14,CIBEUNYING KIDUL,32.73.14.1001,PADASUKA,BANK SAMPAH ASTER'12,JL. SUKASIRNA RT 01 RW 12,2022
114,32,JAWA BARAT,3273,KOTA BANDUNG,3273210,CIBEUNYING KIDUL,3273210004,PADASUKA,32.73.14,CIBEUNYING KIDUL,32.73.14.1001,PADASUKA,BANK SAMPAH DAHLIA 13,JL. SUKASIRNA RT 07 RW 13,2022
115,32,JAWA BARAT,3273,KOTA BANDUNG,3273210,CIBEUNYING KIDUL,3273210004,PADASUKA,32.73.14,CIBEUNYING KIDUL,32.73.14.1001,PADASUKA,BANK SAMPAH SETIA MANDIRI,JL. SUKASIRNA RT 07 RW 14,2022
116,32,JAWA BARAT,3273,KOTA BANDUNG,3273210,CIBEUNYING KIDUL,3273210004,PADASUKA,32.73.14,CIBEUNYING KIDUL,32.73.14.1001,PADASUKA,BANK SAMPAH BRINKA,JL. SUKAPADA RT 03 RW 15,2022
117,32,JAWA BARAT,3273,KOTA BANDUNG,3273210,CIBEUNYING KIDUL,3273210004,PADASUKA,32.73.14,CIBEUNYING KIDUL,32.73.14.1001,PADASUKA,BANK SAMPAH SEROJA,JL. SUKAPADA RT 02 RW 16,2022
118,32,JAWA BARAT,3273,KOTA BANDUNG,3273210,CIBEUNYING KIDUL,3273210006,SUKAPADA,32.73.14,CIBEUNYING KIDUL,32.73.14.1005,SUKAPADA,BANK SAMPAH BSU RW 07,JL. BABAKAN BARU RW 07,2022
119,32,JAWA BARAT,3273,KOTA BANDUNG,3273210,CIBEUNYING KIDUL,3273210006,SUKAPADA,32.73.14,CIBEUNYING KIDUL,32.73.14.1005,SUKAPADA,BANK SAMPAH BSU RW 08,JL. BABAKAN BARU  RW 08,2022
120,32,JAWA BARAT,3273,KOTA BANDUNG,3273210,CIBEUNYING KIDUL,3273210006,SUKAPADA,32.73.14,CIBEUNYING KIDUL,32.73.14.1005,SUKAPADA,BANK SAMPAH BSU RW 09,JL. PASIRLEUTIK,2022
121,32,JAWA BARAT,3273,KOTA BANDUNG,3273210,CIBEUNYING KIDUL,3273210003,CIKUTRA,32.73.14,CIBEUNYING KIDUL,32.73.14.1002,CIKUTRA,BANK SAMPAH UNIT (BSU) RW 04 CIKUTRA,RW 04,2022
122,32,JAWA BARAT,3273,KOTA BANDUNG,3273210,CIBEUNYING KIDUL,3273210003,CIKUTRA,32.73.14,CIBEUNYING KIDUL,32.73.14.1002,CIKUTRA,BANK SAMPAH UNIT (BSU) RW 07 CIKUTRA,RW 07,2022
123,32,JAWA BARAT,3273,KOTA BANDUNG,3273210,CIBEUNYING KIDUL,3273210003,CIKUTRA,32.73.14,CIBEUNYING KIDUL,32.73.14.1002,CIKUTRA,BANK SAMPAH UNIT (BSU) RW 08 CIKUTRA (TDK AKTIF LAGI),RW 08,2022
124,32,JAWA BARAT,3273,KOTA BANDUNG,3273210,CIBEUNYING KIDUL,3273210003,CIKUTRA,32.73.14,CIBEUNYING KIDUL,32.73.14.1002,CIKUTRA,"BANK SAMPAH SELINGKUH ( SELAMATKAN LINGKUNGAN HIDUP) DALAM
  PROSES AKTIF KEMBALI",RW 12,2022
125,32,JAWA BARAT,3273,KOTA BANDUNG,3273210,CIBEUNYING KIDUL,3273210003,CIKUTRA,32.73.14,CIBEUNYING KIDUL,32.73.14.1002,CIKUTRA,BANK SAMPAH UNIT (BSU) RW 06 CIKUTRA,RW 06,2022
126,32,JAWA BARAT,3273,KOTA BANDUNG,3273210,CIBEUNYING KIDUL,3273210003,CIKUTRA,32.73.14,CIBEUNYING KIDUL,32.73.14.1002,CIKUTRA,BANK SAMPAH UNIT (BSU) RW 09 CIKUTRA,RW 09,2022
127,32,JAWA BARAT,3273,KOTA BANDUNG,3273210,CIBEUNYING KIDUL,3273210003,CIKUTRA,32.73.14,CIBEUNYING KIDUL,32.73.14.1002,CIKUTRA,BANK SAMPAH UNIT (BSU) KANTOR KELURAHAN CIKUTRA,RW 15,2022
128,32,JAWA BARAT,3273,KOTA BANDUNG,3273210,CIBEUNYING KIDUL,3273210003,CIKUTRA,32.73.14,CIBEUNYING KIDUL,32.73.14.1002,CIKUTRA,BANK SAMPAH UNIT (BSU) KANTOR KECAMATAN CIBEUNYING KIDUL,RW 13,2022
129,32,JAWA BARAT,3273,KOTA BANDUNG,3273210,CIBEUNYING KIDUL,3273210002,CICADAS,32.73.14,CIBEUNYING KIDUL,32.73.14.1003,CICADAS,BSU RW 08,RW 08,2022
130,32,JAWA BARAT,3273,KOTA BANDUNG,3273210,CIBEUNYING KIDUL,3273210002,CICADAS,32.73.14,CIBEUNYING KIDUL,32.73.14.1003,CICADAS,BSU RW 10,RW 10,2022
131,32,JAWA BARAT,3273,KOTA BANDUNG,3273210,CIBEUNYING KIDUL,3273210001,SUKAMAJU,32.73.14,CIBEUNYING KIDUL,32.73.14.1004,SUKAMAJU,BANK SAMPAH RW 02,GG BAHAGIA NO 28/41 RT 08/02,2023
132,32,JAWA BARAT,3273,KOTA BANDUNG,3273210,CIBEUNYING KIDUL,3273210001,SUKAMAJU,32.73.14,CIBEUNYING KIDUL,32.73.14.1004,SUKAMAJU,BANK SAMPAH RW 03,JL. CIKASO NO. 84 RT 01/03,2023
133,32,JAWA BARAT,3273,KOTA BANDUNG,3273210,CIBEUNYING KIDUL,3273210001,SUKAMAJU,32.73.14,CIBEUNYING KIDUL,32.73.14.1004,SUKAMAJU,BANK SAMPAH RW 04,JL. CIKASO BARAT II NO 12 RT 06/04,2023
134,32,JAWA BARAT,3273,KOTA BANDUNG,3273210,CIBEUNYING KIDUL,3273210001,SUKAMAJU,32.73.14,CIBEUNYING KIDUL,32.73.14.1004,SUKAMAJU,BANK SAMPAH RW 05,JL. CISADEA NO 14C RT 04/05,2023
135,32,JAWA BARAT,3273,KOTA BANDUNG,3273210,CIBEUNYING KIDUL,3273210001,SUKAMAJU,32.73.14,CIBEUNYING KIDUL,32.73.14.1004,SUKAMAJU,BANK SAMPAH RW 06,JL. SADIREJA NO 344/ 41 RT 03/06,2023
136,32,JAWA BARAT,3273,KOTA BANDUNG,3273210,CIBEUNYING KIDUL,3273210001,SUKAMAJU,32.73.14,CIBEUNYING KIDUL,32.73.14.1004,SUKAMAJU,BANK SAMPAH RW 07,JL. CITAMIANG NO 68 RT 01/07,2023
137,32,JAWA BARAT,3273,KOTA BANDUNG,3273210,CIBEUNYING KIDUL,3273210001,SUKAMAJU,32.73.14,CIBEUNYING KIDUL,32.73.14.1004,SUKAMAJU,BANK SAMPAH RW 09,JL. UDIN NO 3 RT 05/09,2023
138,32,JAWA BARAT,3273,KOTA BANDUNG,3273210,CIBEUNYING KIDUL,3273210001,SUKAMAJU,32.73.14,CIBEUNYING KIDUL,32.73.14.1004,SUKAMAJU,BANK SAMPAH RW 10,JL. TERUSAN CITAMIANG NO 1 06/010,2023
139,32,JAWA BARAT,3273,KOTA BANDUNG,3273210,CIBEUNYING KIDUL,3273210001,SUKAMAJU,32.73.14,CIBEUNYING KIDUL,32.73.14.1004,SUKAMAJU,BANK SAMPAH RW 11,JL. JUNAEDI NO 19 RT 02/011,2023
140,32,JAWA BARAT,3273,KOTA BANDUNG,3273210,CIBEUNYING KIDUL,3273210001,SUKAMAJU,32.73.14,CIBEUNYING KIDUL,32.73.14.1004,SUKAMAJU,BANK SAMPAH RW 12,JL. SUKARASA NO 58/143G RT 03/012,2023
141,32,JAWA BARAT,3273,KOTA BANDUNG,3273210,CIBEUNYING KIDUL,3273210005,PASIRLAYUNG,32.73.14,CIBEUNYING KIDUL,32.73.14.1006,PASIRLAYUNG,BANK SAMPAH UNIT GVR. RW 01,"GREEN VALLEY RESIDENCE 
  BLOK C14 RT 7, RW 1, PASIRLAYUNG",2023
142,32,JAWA BARAT,3273,KOTA BANDUNG,3273210,CIBEUNYING KIDUL,3273210005,PASIRLAYUNG,32.73.14,CIBEUNYING KIDUL,32.73.14.1006,PASIRLAYUNG,BANK SAMPAH UNIT RW 01,"GEDUNG SERBA GUNA PASIRLAYUNG ASRI                    RT 6, RW 1, PASIRLAYUNG",2023
143,32,JAWA BARAT,3273,KOTA BANDUNG,3273210,CIBEUNYING KIDUL,3273210005,PASIRLAYUNG,32.73.14,CIBEUNYING KIDUL,32.73.14.1006,PASIRLAYUNG,BANK SAMPAH UNIT RW02,RW02,2023
144,32,JAWA BARAT,3273,KOTA BANDUNG,3273210,CIBEUNYING KIDUL,3273210005,PASIRLAYUNG,32.73.14,CIBEUNYING KIDUL,32.73.14.1006,PASIRLAYUNG,BANK SAMPAH UNIT RW03,RW03,2023
145,32,JAWA BARAT,3273,KOTA BANDUNG,3273210,CIBEUNYING KIDUL,3273210005,PASIRLAYUNG,32.73.14,CIBEUNYING KIDUL,32.73.14.1006,PASIRLAYUNG,BANK SAMPAH UNIT RW04,RW 04,2023
146,32,JAWA BARAT,3273,KOTA BANDUNG,3273210,CIBEUNYING KIDUL,3273210005,PASIRLAYUNG,32.73.14,CIBEUNYING KIDUL,32.73.14.1006,PASIRLAYUNG,BANK SAMPAH UNIT RW 05,RW 05,2023
147,32,JAWA BARAT,3273,KOTA BANDUNG,3273210,CIBEUNYING KIDUL,3273210005,PASIRLAYUNG,32.73.14,CIBEUNYING KIDUL,32.73.14.1006,PASIRLAYUNG,BANK SAMPAH UNIT RW 06,RW 06,2023
148,32,JAWA BARAT,3273,KOTA BANDUNG,3273210,CIBEUNYING KIDUL,3273210005,PASIRLAYUNG,32.73.14,CIBEUNYING KIDUL,32.73.14.1006,PASIRLAYUNG,BANK SAMPAH UNIT RW 07,RW 07,2023
149,32,JAWA BARAT,3273,KOTA BANDUNG,3273210,CIBEUNYING KIDUL,3273210005,PASIRLAYUNG,32.73.14,CIBEUNYING KIDUL,32.73.14.1006,PASIRLAYUNG,BANK SAMPAH UNIT RW 08,RW 08,2023
150,32,JAWA BARAT,3273,KOTA BANDUNG,3273210,CIBEUNYING KIDUL,3273210005,PASIRLAYUNG,32.73.14,CIBEUNYING KIDUL,32.73.14.1006,PASIRLAYUNG,BANK SAMPAH UNIT RW 09,RW09,2023
151,32,JAWA BARAT,3273,KOTA BANDUNG,3273210,CIBEUNYING KIDUL,3273210005,PASIRLAYUNG,32.73.14,CIBEUNYING KIDUL,32.73.14.1006,PASIRLAYUNG,BANK SAMPAH UNIT RW 12,RW 12,2023
152,32,JAWA BARAT,3273,KOTA BANDUNG,3273210,CIBEUNYING KIDUL,3273210005,PASIRLAYUNG,32.73.14,CIBEUNYING KIDUL,32.73.14.1006,PASIRLAYUNG,BANK SAMPAH UNIT RW 13,RW 13,2023
153,32,JAWA BARAT,3273,KOTA BANDUNG,3273210,CIBEUNYING KIDUL,3273210005,PASIRLAYUNG,32.73.14,CIBEUNYING KIDUL,32.73.14.1006,PASIRLAYUNG,BANK SAMPAH UNIT KELURAHAN PASIRLAYUNG,KANTOR KELURAHAN PASIRLAYUNG,2023
154,32,JAWA BARAT,3273,KOTA BANDUNG,3273210,CIBEUNYING KIDUL,3273210004,PADASUKA,32.73.14,CIBEUNYING KIDUL,32.73.14.1001,PADASUKA,BANK SAMPAH RW 01,JL. PADASUKA RT 02 RW 01,2023
155,32,JAWA BARAT,3273,KOTA BANDUNG,3273210,CIBEUNYING KIDUL,3273210004,PADASUKA,32.73.14,CIBEUNYING KIDUL,32.73.14.1001,PADASUKA,BANK SAMPAH PADASUKA MANDIRI,JL. PADASUKA NO. 13 RT 02 RW 01,2023
156,32,JAWA BARAT,3273,KOTA BANDUNG,3273210,CIBEUNYING KIDUL,3273210004,PADASUKA,32.73.14,CIBEUNYING KIDUL,32.73.14.1001,PADASUKA,BANK SAMPAH TERARAI,JL. BABAKAN ANDIR RT 05 RW 02,2023
157,32,JAWA BARAT,3273,KOTA BANDUNG,3273210,CIBEUNYING KIDUL,3273210004,PADASUKA,32.73.14,CIBEUNYING KIDUL,32.73.14.1001,PADASUKA,BANK SAMPAH SAUYUNAN,JL. SUKASIRNA RT 05 RW 03,2023
158,32,JAWA BARAT,3273,KOTA BANDUNG,3273210,CIBEUNYING KIDUL,3273210004,PADASUKA,32.73.14,CIBEUNYING KIDUL,32.73.14.1001,PADASUKA,BANK SAMPAH NEGLASARI SELATAN,JL. NEGLASARI SELATAN RT 06 RW 04,2023
159,32,JAWA BARAT,3273,KOTA BANDUNG,3273210,CIBEUNYING KIDUL,3273210004,PADASUKA,32.73.14,CIBEUNYING KIDUL,32.73.14.1001,PADASUKA,BANK SAMPAH MELATI PUTIH,JL. CIDURIAN UTARA RT 05 RW 05,2023
160,32,JAWA BARAT,3273,KOTA BANDUNG,3273210,CIBEUNYING KIDUL,3273210004,PADASUKA,32.73.14,CIBEUNYING KIDUL,32.73.14.1001,PADASUKA,BANK SAMPAH TANJUNG,JL. BBK H TAMIM RT 01 RW 06,2023
161,32,JAWA BARAT,3273,KOTA BANDUNG,3273210,CIBEUNYING KIDUL,3273210004,PADASUKA,32.73.14,CIBEUNYING KIDUL,32.73.14.1001,PADASUKA,BANK SAMPAH CITRA,JL. CIDURIAN UTRA RT 02 RW 07,2023
162,32,JAWA BARAT,3273,KOTA BANDUNG,3273210,CIBEUNYING KIDUL,3273210004,PADASUKA,32.73.14,CIBEUNYING KIDUL,32.73.14.1001,PADASUKA,BANK SAMPAH ROS,JL. SUKAMENAK RW 08,2023
163,32,JAWA BARAT,3273,KOTA BANDUNG,3273210,CIBEUNYING KIDUL,3273210004,PADASUKA,32.73.14,CIBEUNYING KIDUL,32.73.14.1001,PADASUKA,BANK SAMPAH PLAMBOYAN,JL. M ENTO RT 06 RW 09,2023
164,32,JAWA BARAT,3273,KOTA BANDUNG,3273210,CIBEUNYING KIDUL,3273210004,PADASUKA,32.73.14,CIBEUNYING KIDUL,32.73.14.1001,PADASUKA,BANK SAMPAH LET'GO,JL. SEKEPONDOK II RT 01 RW 10,2023
165,32,JAWA BARAT,3273,KOTA BANDUNG,3273210,CIBEUNYING KIDUL,3273210004,PADASUKA,32.73.14,CIBEUNYING KIDUL,32.73.14.1001,PADASUKA,BANK SAMPAH MAWAR,JL. SEKEPONDOK III RT 07 RW 11,2023
166,32,JAWA BARAT,3273,KOTA BANDUNG,3273210,CIBEUNYING KIDUL,3273210004,PADASUKA,32.73.14,CIBEUNYING KIDUL,32.73.14.1001,PADASUKA,BANK SAMPAH ASTER'12,JL. SUKASIRNA RT 01 RW 12,2023
167,32,JAWA BARAT,3273,KOTA BANDUNG,3273210,CIBEUNYING KIDUL,3273210004,PADASUKA,32.73.14,CIBEUNYING KIDUL,32.73.14.1001,PADASUKA,BANK SAMPAH DAHLIA 13,JL. SUKASIRNA RT 07 RW 13,2023
168,32,JAWA BARAT,3273,KOTA BANDUNG,3273210,CIBEUNYING KIDUL,3273210004,PADASUKA,32.73.14,CIBEUNYING KIDUL,32.73.14.1001,PADASUKA,BANK SAMPAH SETIA MANDIRI,JL. SUKASIRNA RT 07 RW 14,2023
169,32,JAWA BARAT,3273,KOTA BANDUNG,3273210,CIBEUNYING KIDUL,3273210004,PADASUKA,32.73.14,CIBEUNYING KIDUL,32.73.14.1001,PADASUKA,BANK SAMPAH BRINKA,JL. SUKAPADA RT 03 RW 15,2023
170,32,JAWA BARAT,3273,KOTA BANDUNG,3273210,CIBEUNYING KIDUL,3273210004,PADASUKA,32.73.14,CIBEUNYING KIDUL,32.73.14.1001,PADASUKA,BANK SAMPAH SEROJA,JL. SUKAPADA RT 02 RW 16,2023
171,32,JAWA BARAT,3273,KOTA BANDUNG,3273210,CIBEUNYING KIDUL,3273210006,SUKAPADA,32.73.14,CIBEUNYING KIDUL,32.73.14.1005,SUKAPADA,BANK SAMPAH BSU RW 07,JL. BABAKAN BARU RW 07,2023
172,32,JAWA BARAT,3273,KOTA BANDUNG,3273210,CIBEUNYING KIDUL,3273210006,SUKAPADA,32.73.14,CIBEUNYING KIDUL,32.73.14.1005,SUKAPADA,BANK SAMPAH BSU RW 08,JL. BABAKAN BARU  RW 08,2023
173,32,JAWA BARAT,3273,KOTA BANDUNG,3273210,CIBEUNYING KIDUL,3273210006,SUKAPADA,32.73.14,CIBEUNYING KIDUL,32.73.14.1005,SUKAPADA,BANK SAMPAH BSU RW 09,JL. PASIRLEUTIK,2023
174,32,JAWA BARAT,3273,KOTA BANDUNG,3273210,CIBEUNYING KIDUL,3273210003,CIKUTRA,32.73.14,CIBEUNYING KIDUL,32.73.14.1002,CIKUTRA,BANK SAMPAH UNIT (BSU) RW 04 CIKUTRA,RW 04,2023
175,32,JAWA BARAT,3273,KOTA BANDUNG,3273210,CIBEUNYING KIDUL,3273210003,CIKUTRA,32.73.14,CIBEUNYING KIDUL,32.73.14.1002,CIKUTRA,BANK SAMPAH UNIT (BSU) RW 07 CIKUTRA,RW 07,2023
176,32,JAWA BARAT,3273,KOTA BANDUNG,3273210,CIBEUNYING KIDUL,3273210003,CIKUTRA,32.73.14,CIBEUNYING KIDUL,32.73.14.1002,CIKUTRA,BANK SAMPAH UNIT (BSU) RW 08 CIKUTRA (TDK AKTIF LAGI),RW 08,2023
177,32,JAWA BARAT,3273,KOTA BANDUNG,3273210,CIBEUNYING KIDUL,3273210003,CIKUTRA,32.73.14,CIBEUNYING KIDUL,32.73.14.1002,CIKUTRA,"BANK SAMPAH SELINGKUH ( SELAMATKAN LINGKUNGAN HIDUP) DALAM
  PROSES AKTIF KEMBALI",RW 12,2023
178,32,JAWA BARAT,3273,KOTA BANDUNG,3273210,CIBEUNYING KIDUL,3273210003,CIKUTRA,32.73.14,CIBEUNYING KIDUL,32.73.14.1002,CIKUTRA,BANK SAMPAH UNIT (BSU) RW 06 CIKUTRA,RW 06,2023
179,32,JAWA BARAT,3273,KOTA BANDUNG,3273210,CIBEUNYING KIDUL,3273210003,CIKUTRA,32.73.14,CIBEUNYING KIDUL,32.73.14.1002,CIKUTRA,BANK SAMPAH UNIT (BSU) RW 09 CIKUTRA,RW 09,2023
180,32,JAWA BARAT,3273,KOTA BANDUNG,3273210,CIBEUNYING KIDUL,3273210003,CIKUTRA,32.73.14,CIBEUNYING KIDUL,32.73.14.1002,CIKUTRA,BANK SAMPAH UNIT (BSU) KANTOR KELURAHAN CIKUTRA,RW 15,2023
181,32,JAWA BARAT,3273,KOTA BANDUNG,3273210,CIBEUNYING KIDUL,3273210003,CIKUTRA,32.73.14,CIBEUNYING KIDUL,32.73.14.1002,CIKUTRA,BANK SAMPAH UNIT (BSU) KANTOR KECAMATAN CIBEUNYING KIDUL,RW 13,2023
182,32,JAWA BARAT,3273,KOTA BANDUNG,3273210,CIBEUNYING KIDUL,3273210002,CICADAS,32.73.14,CIBEUNYING KIDUL,32.73.14.1003,CICADAS,BSU RW 08,RW 08,2023
183,32,JAWA BARAT,3273,KOTA BANDUNG,3273210,CIBEUNYING KIDUL,3273210002,CICADAS,32.73.14,CIBEUNYING KIDUL,32.73.14.1003,CICADAS,BSU RW 10,RW 10,2023
184,32,JAWA BARAT,3273,KOTA BANDUNG,3273210,CIBEUNYING KIDUL,3273210002,CICADAS,32.73.14,CIBEUNYING KIDUL,32.73.14.1003,CICADAS,BANK SAMPAH UNIT RT.07.RW.08 KEL. CICADAS,GEDUNG POSYANDU RW.08. JL. TERUSAN AWI BITUNG NO. 235 RT.03 RW.08 KEL. CICADAS,2024
185,32,JAWA BARAT,3273,KOTA BANDUNG,3273210,CIBEUNYING KIDUL,3273210002,CICADAS,32.73.14,CIBEUNYING KIDUL,32.73.14.1003,CICADAS,BSU TERARTAI RW 10 CICADAS,GG. . SUKARASA RT.04 RW.10 KEL. CICADAS,2024
186,32,JAWA BARAT,3273,KOTA BANDUNG,3273210,CIBEUNYING KIDUL,3273210002,CICADAS,32.73.14,CIBEUNYING KIDUL,32.73.14.1003,CICADAS,BSU KENARI 11 RW.11 KEL. CICADAS,JL. ASEP BERLIAN GG BUNGA 2 NO 101 RT 03/11,2024
187,32,JAWA BARAT,3273,KOTA BANDUNG,3273210,CIBEUNYING KIDUL,3273210002,CICADAS,32.73.14,CIBEUNYING KIDUL,32.73.14.1003,CICADAS,BSU KEL. CICADAS,KANTOR KEL. CICADAS,2024
188,32,JAWA BARAT,3273,KOTA BANDUNG,3273210,CIBEUNYING KIDUL,3273210002,CICADAS,32.73.14,CIBEUNYING KIDUL,32.73.14.1003,CICADAS,BANK SAMPAH UNIT RW.13 KEL. CICADAS,"JL. PRAMUKA III, KOMPLEK PPI",2024
189,32,JAWA BARAT,3273,KOTA BANDUNG,3273210,CIBEUNYING KIDUL,3273210003,CIKUTRA,32.73.14,CIBEUNYING KIDUL,32.73.14.1002,CIKUTRA,BANK SAMPAH KEC. CIBEUNYING KIDUL,JL. SUKASENANG NO. 11,2024
190,32,JAWA BARAT,3273,KOTA BANDUNG,3273210,CIBEUNYING KIDUL,3273210003,CIKUTRA,32.73.14,CIBEUNYING KIDUL,32.73.14.1002,CIKUTRA,BSU DIRIKSA RW 04 CIKUTRA,BALAI RW RT 01 RW 4 KELURAHAN CIKUTRA,2024
191,32,JAWA BARAT,3273,KOTA BANDUNG,3273210,CIBEUNYING KIDUL,3273210003,CIKUTRA,32.73.14,CIBEUNYING KIDUL,32.73.14.1002,CIKUTRA,BANK SAMPAH UNIT RW 07 CIKUTRA,RT 01 RW 7 KELURAHAN CIKUTRA,2024
192,32,JAWA BARAT,3273,KOTA BANDUNG,3273210,CIBEUNYING KIDUL,3273210003,CIKUTRA,32.73.14,CIBEUNYING KIDUL,32.73.14.1002,CIKUTRA,BANK SAMPAH UNIT RW 06 CIKUTRA,CICADAS GIRANG 2 RT 05 RW 06 KELURAHAN CIKUTRA,2024
193,32,JAWA BARAT,3273,KOTA BANDUNG,3273210,CIBEUNYING KIDUL,3273210003,CIKUTRA,32.73.14,CIBEUNYING KIDUL,32.73.14.1002,CIKUTRA,BANK SAMPAH UNIT  KANTOR KELURAHAN CIKUTRA,JL. SUKASENANG VI NO 6 A.,2024
194,32,JAWA BARAT,3273,KOTA BANDUNG,3273210,CIBEUNYING KIDUL,3273210003,CIKUTRA,32.73.14,CIBEUNYING KIDUL,32.73.14.1002,CIKUTRA,BANK SAMPAH UNIT RW 09 CIKUTRA,RW 009,2024
195,32,JAWA BARAT,3273,KOTA BANDUNG,3273210,CIBEUNYING KIDUL,3273210003,CIKUTRA,32.73.14,CIBEUNYING KIDUL,32.73.14.1002,CIKUTRA,BANK SAMPAH SELINGKUH ( SELAMATKAN LINGKUNGAN HIDUP)/ BSU  RW 12 CIKUTRA,RW 012,2024
196,32,JAWA BARAT,3273,KOTA BANDUNG,3273210,CIBEUNYING KIDUL,3273210004,PADASUKA,32.73.14,CIBEUNYING KIDUL,32.73.14.1001,PADASUKA,BANK SAMPAH UNIT RW.01 KEL. PADASUKA,KANTOR RW.01 BELAKANG KANTOR PUSKESMAS PADASUKA,2024
197,32,JAWA BARAT,3273,KOTA BANDUNG,3273210,CIBEUNYING KIDUL,3273210004,PADASUKA,32.73.14,CIBEUNYING KIDUL,32.73.14.1001,PADASUKA,BANK SAMPAH TERATAI RW 02,JL. BBK ANDIR RT 06 RW 02.,2024
198,32,JAWA BARAT,3273,KOTA BANDUNG,3273210,CIBEUNYING KIDUL,3273210004,PADASUKA,32.73.14,CIBEUNYING KIDUL,32.73.14.1001,PADASUKA,BANK SAMPAH SAUYUNAN 03,JL. SEKEPONDOK RT 07 /03,2024
199,32,JAWA BARAT,3273,KOTA BANDUNG,3273210,CIBEUNYING KIDUL,3273210004,PADASUKA,32.73.14,CIBEUNYING KIDUL,32.73.14.1001,PADASUKA,BANK SAMPAH NEGLASARI MAKMUR RW 04,JL NEGLASARI,2024
200,32,JAWA BARAT,3273,KOTA BANDUNG,3273210,CIBEUNYING KIDUL,3273210004,PADASUKA,32.73.14,CIBEUNYING KIDUL,32.73.14.1001,PADASUKA,BANK SAMPAH MELATI PUTIH RW 05 ,CIDURIAN NO. 24/208 C RW 05 ,2024
201,32,JAWA BARAT,3273,KOTA BANDUNG,3273210,CIBEUNYING KIDUL,3273210004,PADASUKA,32.73.14,CIBEUNYING KIDUL,32.73.14.1001,PADASUKA,BANK SAMPAHTANJUNG 06 ,JL. BBK H TAMIM RW 06,2024
202,32,JAWA BARAT,3273,KOTA BANDUNG,3273210,CIBEUNYING KIDUL,3273210004,PADASUKA,32.73.14,CIBEUNYING KIDUL,32.73.14.1001,PADASUKA,BANK SAMPAH CITRA 07,JL. CIDURIAN UTARA RT 02 RW 07,2024
203,32,JAWA BARAT,3273,KOTA BANDUNG,3273210,CIBEUNYING KIDUL,3273210004,PADASUKA,32.73.14,CIBEUNYING KIDUL,32.73.14.1001,PADASUKA,BANK SAMPAH ROS RW 08, RW 09,2024
204,32,JAWA BARAT,3273,KOTA BANDUNG,3273210,CIBEUNYING KIDUL,3273210004,PADASUKA,32.73.14,CIBEUNYING KIDUL,32.73.14.1001,PADASUKA,BANK SAMPAH PLAMBOYAN RW 09,JLN SEKEPONDOK 1 RT 06  RW 09 (GEDUNG SERBA GUNA RW 09),2024
205,32,JAWA BARAT,3273,KOTA BANDUNG,3273210,CIBEUNYING KIDUL,3273210004,PADASUKA,32.73.14,CIBEUNYING KIDUL,32.73.14.1001,PADASUKA,BANK SAMPAH LET'S GO RW 10,,2024
206,32,JAWA BARAT,3273,KOTA BANDUNG,3273210,CIBEUNYING KIDUL,3273210004,PADASUKA,32.73.14,CIBEUNYING KIDUL,32.73.14.1001,PADASUKA,BANK SAMPAH SEGA MANDIRI RW 11 ,GSG RW 11 ,2024
207,32,JAWA BARAT,3273,KOTA BANDUNG,3273210,CIBEUNYING KIDUL,3273210004,PADASUKA,32.73.14,CIBEUNYING KIDUL,32.73.14.1001,PADASUKA,BANK SAMPAH ASTER RW.12 KEL PADASUKA,JL. SUKASIRNA RT 01 RW 12 ,2024
208,32,JAWA BARAT,3273,KOTA BANDUNG,3273210,CIBEUNYING KIDUL,3273210004,PADASUKA,32.73.14,CIBEUNYING KIDUL,32.73.14.1001,PADASUKA,BANK SAMPAH DAHLIA RW 13,JL.BBK.H.TAMIM GG.H.TAMIM VIII,2024
209,32,JAWA BARAT,3273,KOTA BANDUNG,3273210,CIBEUNYING KIDUL,3273210004,PADASUKA,32.73.14,CIBEUNYING KIDUL,32.73.14.1001,PADASUKA,BANK SAMPAH SETIA MANDIRI RW.14 KEL. PADASUKA,JL. SETIA RT.07 RW.14,2024
210,32,JAWA BARAT,3273,KOTA BANDUNG,3273210,CIBEUNYING KIDUL,3273210004,PADASUKA,32.73.14,CIBEUNYING KIDUL,32.73.14.1001,PADASUKA,BANK SAMPAH BRINKA RW.15 KEL. PADASUKA,JL. CIKUTRA GG. SUKAPADA KEL PADASUKA I  RW.15 RT.03,2024
211,32,JAWA BARAT,3273,KOTA BANDUNG,3273210,CIBEUNYING KIDUL,3273210004,PADASUKA,32.73.14,CIBEUNYING KIDUL,32.73.14.1001,PADASUKA,BANK SAMPAH SEROJA RW.15 KEL. PADASUKA,JLN PHH MUSTOPA  GG.SUKAPADA RT.02/RW.16,2024
212,32,JAWA BARAT,3273,KOTA BANDUNG,3273210,CIBEUNYING KIDUL,3273210004,PADASUKA,32.73.14,CIBEUNYING KIDUL,32.73.14.1001,PADASUKA,BANK SAMPAH GATEWAY,GATEWAY,2024
213,32,JAWA BARAT,3273,KOTA BANDUNG,3273210,CIBEUNYING KIDUL,3273210005,PASIRLAYUNG,32.73.14,CIBEUNYING KIDUL,32.73.14.1006,PASIRLAYUNG,BANK SAMPAH UNIT GVR.,"GREEN VALLEY RESIDENCE BLOK C14 RT 7, RW 1, PASIRLAYUNG",2024
214,32,JAWA BARAT,3273,KOTA BANDUNG,3273210,CIBEUNYING KIDUL,3273210005,PASIRLAYUNG,32.73.14,CIBEUNYING KIDUL,32.73.14.1006,PASIRLAYUNG,BANK SAMPAH UNIT RW.01 KEL. PASIRLAYUNG,"GEDUNG SERBA GUNA PASIRLAYUNG ASRI RT 6, RW 1, PASIRLAYUNG",2024
215,32,JAWA BARAT,3273,KOTA BANDUNG,3273210,CIBEUNYING KIDUL,3273210005,PASIRLAYUNG,32.73.14,CIBEUNYING KIDUL,32.73.14.1006,PASIRLAYUNG,BNAK SAMPAH UNIT BSU BERSEMI RW.02 KEL.PASIRLAYUNG ,JL. PASIRLAYUNG TENGAH NO. 9,2024
216,32,JAWA BARAT,3273,KOTA BANDUNG,3273210,CIBEUNYING KIDUL,3273210005,PASIRLAYUNG,32.73.14,CIBEUNYING KIDUL,32.73.14.1006,PASIRLAYUNG,BSU RENGGANIS RW  03,GEDUNG SERBA GUNA JL PASIRLAYUNG RT02/RW03 KEL. PASIRLAYUNG,2024
217,32,JAWA BARAT,3273,KOTA BANDUNG,3273210,CIBEUNYING KIDUL,3273210005,PASIRLAYUNG,32.73.14,CIBEUNYING KIDUL,32.73.14.1006,PASIRLAYUNG,"BANK SAMPAH UNIT BANK SAMPAH SAUYUNAN RW 04, KEL. PASIRLAYUNG",JALAN SIRNAGALIH NO.16F RT 05 RW 04,2024
218,32,JAWA BARAT,3273,KOTA BANDUNG,3273210,CIBEUNYING KIDUL,3273210005,PASIRLAYUNG,32.73.14,CIBEUNYING KIDUL,32.73.14.1006,PASIRLAYUNG,BANK SAMPAH UNIT RW 05 KEL. PASIRLAYUNG,MADRASAH RW 05,2024
219,32,JAWA BARAT,3273,KOTA BANDUNG,3273210,CIBEUNYING KIDUL,3273210005,PASIRLAYUNG,32.73.14,CIBEUNYING KIDUL,32.73.14.1006,PASIRLAYUNG,BSU KATINEUNG RW 06 KEL. PASIRLAYUNG,KANTOR SG RW 06 JL. BABAKAN CIHAPIT RT.08 RW.06,2024
220,32,JAWA BARAT,3273,KOTA BANDUNG,3273210,CIBEUNYING KIDUL,3273210005,PASIRLAYUNG,32.73.14,CIBEUNYING KIDUL,32.73.14.1006,PASIRLAYUNG,BSU SEDAP MALAM RW.08,PASIRLAYUNG RT04/RW08,2024
221,32,JAWA BARAT,3273,KOTA BANDUNG,3273210,CIBEUNYING KIDUL,3273210005,PASIRLAYUNG,32.73.14,CIBEUNYING KIDUL,32.73.14.1006,PASIRLAYUNG,BSU LESTARI RW 09, GG.IRIT RW 09  PASIRLAYUNG,2024
222,32,JAWA BARAT,3273,KOTA BANDUNG,3273210,CIBEUNYING KIDUL,3273210005,PASIRLAYUNG,32.73.14,CIBEUNYING KIDUL,32.73.14.1006,PASIRLAYUNG,BANK SAMPAH UNIT HARMONY'S RW 10,JLN PADASUKA GG.MOCH. WIJAYA RT 05 RW 10,2024
223,32,JAWA BARAT,3273,KOTA BANDUNG,3273210,CIBEUNYING KIDUL,3273210005,PASIRLAYUNG,32.73.14,CIBEUNYING KIDUL,32.73.14.1006,PASIRLAYUNG,BANK SAMPAH UNIT CEMPAKA 11,JL CIMUNCANG RT 05 RW 11 BBK GEMPOL,2024
224,32,JAWA BARAT,3273,KOTA BANDUNG,3273210,CIBEUNYING KIDUL,3273210005,PASIRLAYUNG,32.73.14,CIBEUNYING KIDUL,32.73.14.1006,PASIRLAYUNG,BSU BERSIH INDAH RW 12 PASIRLAYUNG,JL. CIMUNCANG GG. SANEM RT.01 RW.12,2024
225,32,JAWA BARAT,3273,KOTA BANDUNG,3273210,CIBEUNYING KIDUL,3273210005,PASIRLAYUNG,32.73.14,CIBEUNYING KIDUL,32.73.14.1006,PASIRLAYUNG,BSU BERSEKA RW 13 ,GANG BPK WIRIA RT 03/RW 13 KEL PASIRLAYUNG ,2024
226,32,JAWA BARAT,3273,KOTA BANDUNG,3273210,CIBEUNYING KIDUL,3273210005,PASIRLAYUNG,32.73.14,CIBEUNYING KIDUL,32.73.14.1006,PASIRLAYUNG,BSU RESIK BERKAH 07,JLN UTAMA RT 05 /07,2024
227,32,JAWA BARAT,3273,KOTA BANDUNG,3273210,CIBEUNYING KIDUL,3273210005,PASIRLAYUNG,32.73.14,CIBEUNYING KIDUL,32.73.14.1006,PASIRLAYUNG,BANK SAMPAH KEL. PASIRLAYUNG,KANTOR KEL. PASIRLAYUNG,2024
228,32,JAWA BARAT,3273,KOTA BANDUNG,3273210,CIBEUNYING KIDUL,3273210001,SUKAMAJU,32.73.14,CIBEUNYING KIDUL,32.73.14.1004,SUKAMAJU,BANK SAMPAH KEL. SUKAMAJU,DARI RW.01 S/D RW.12,2024
229,32,JAWA BARAT,3273,KOTA BANDUNG,3273210,CIBEUNYING KIDUL,3273210001,SUKAMAJU,32.73.14,CIBEUNYING KIDUL,32.73.14.1004,SUKAMAJU,BANK SAMPAH KEL. SUKAMAJU,DARI RT.01 S/D RT.07,2024
230,32,JAWA BARAT,3273,KOTA BANDUNG,3273210,CIBEUNYING KIDUL,3273210006,SUKAPADA,32.73.14,CIBEUNYING KIDUL,32.73.14.1005,SUKAPADA,BANK SAMPAH KEL. SUKAPADA DAN RW.09,KANTOR KEL. SUKAPADA,2024
231,32,JAWA BARAT,3273,KOTA BANDUNG,3273210,CIBEUNYING KIDUL,3273210006,SUKAPADA,32.73.14,CIBEUNYING KIDUL,32.73.14.1005,SUKAPADA,BANK SAMPAH UNIT AMARILIS RW 08 KEL. SUKAPADA,KANTOR SERBA GUNA L.BABAKAN BARU RT 05 RW 08 KEL. SUKAPADA,2024
232,32,JAWA BARAT,3273,KOTA BANDUNG,3273210,CIBEUNYING KIDUL,3273210006,SUKAPADA,32.73.14,CIBEUNYING KIDUL,32.73.14.1005,SUKAPADA,BANK SAMPAH CAANG RW 16 SUKAPADA,JL.BABAKAN BARU RT 04 RW 16 KEL. SUKAPADA,2024
233,32,JAWA BARAT,3273,KOTA BANDUNG,3273210,CIBEUNYING KIDUL,3273210002,CICADAS,32.73.14,CIBEUNYING KIDUL,32.73.14.1003,CICADAS,BANK SAMPAH UNIT RT.07.RW.08 KEL. CICADAS,GEDUNG POSYANDU RW.08. JL. TERUSAN AWI BITUNG NO. 235 RT.03 RW.08 KEL. CICADAS,2025
234,32,JAWA BARAT,3273,KOTA BANDUNG,3273210,CIBEUNYING KIDUL,3273210002,CICADAS,32.73.14,CIBEUNYING KIDUL,32.73.14.1003,CICADAS,BSU TERARTAI RW 10 CICADAS,GG. . SUKARASA RT.04 RW.10 KEL. CICADAS,2025
235,32,JAWA BARAT,3273,KOTA BANDUNG,3273210,CIBEUNYING KIDUL,3273210002,CICADAS,32.73.14,CIBEUNYING KIDUL,32.73.14.1003,CICADAS,BSU KENARI 11 RW.11 KEL. CICADAS,JL. ASEP BERLIAN GG BUNGA 2 NO 101 RT 03/11,2025
236,32,JAWA BARAT,3273,KOTA BANDUNG,3273210,CIBEUNYING KIDUL,3273210002,CICADAS,32.73.14,CIBEUNYING KIDUL,32.73.14.1003,CICADAS,BSU KEL. CICADAS,KANTOR KEL. CICADAS,2025
237,32,JAWA BARAT,3273,KOTA BANDUNG,3273210,CIBEUNYING KIDUL,3273210002,CICADAS,32.73.14,CIBEUNYING KIDUL,32.73.14.1003,CICADAS,BANK SAMPAH UNIT RW.13 KEL. CICADAS,"JL. PRAMUKA III, KOMPLEK PPI",2025
238,32,JAWA BARAT,3273,KOTA BANDUNG,3273210,CIBEUNYING KIDUL,3273210003,CIKUTRA,32.73.14,CIBEUNYING KIDUL,32.73.14.1002,CIKUTRA,BANK SAMPAH KEC. CIBEUNYING KIDUL,JL. SUKASENANG NO. 11,2025
239,32,JAWA BARAT,3273,KOTA BANDUNG,3273210,CIBEUNYING KIDUL,3273210003,CIKUTRA,32.73.14,CIBEUNYING KIDUL,32.73.14.1002,CIKUTRA,BSU DIRIKSA RW 04 CIKUTRA,BALAI RW RT 01 RW 4 KELURAHAN CIKUTRA,2025
240,32,JAWA BARAT,3273,KOTA BANDUNG,3273210,CIBEUNYING KIDUL,3273210003,CIKUTRA,32.73.14,CIBEUNYING KIDUL,32.73.14.1002,CIKUTRA,BANK SAMPAH UNIT RW 07 CIKUTRA,RT 01 RW 7 KELURAHAN CIKUTRA,2025
241,32,JAWA BARAT,3273,KOTA BANDUNG,3273210,CIBEUNYING KIDUL,3273210003,CIKUTRA,32.73.14,CIBEUNYING KIDUL,32.73.14.1002,CIKUTRA,BANK SAMPAH UNIT RW 06 CIKUTRA,CICADAS GIRANG 2 RT 05 RW 06 KELURAHAN CIKUTRA,2025
242,32,JAWA BARAT,3273,KOTA BANDUNG,3273210,CIBEUNYING KIDUL,3273210003,CIKUTRA,32.73.14,CIBEUNYING KIDUL,32.73.14.1002,CIKUTRA,BANK SAMPAH UNIT  KANTOR KELURAHAN CIKUTRA,JL. SUKASENANG VI NO 6 A.,2025
243,32,JAWA BARAT,3273,KOTA BANDUNG,3273210,CIBEUNYING KIDUL,3273210003,CIKUTRA,32.73.14,CIBEUNYING KIDUL,32.73.14.1002,CIKUTRA,BANK SAMPAH UNIT RW 09 CIKUTRA,RW 009,2025
244,32,JAWA BARAT,3273,KOTA BANDUNG,3273210,CIBEUNYING KIDUL,3273210003,CIKUTRA,32.73.14,CIBEUNYING KIDUL,32.73.14.1002,CIKUTRA,BANK SAMPAH SELINGKUH ( SELAMATKAN LINGKUNGAN HIDUP)/ BSU  RW 12 CIKUTRA,RW 012,2025
245,32,JAWA BARAT,3273,KOTA BANDUNG,3273210,CIBEUNYING KIDUL,3273210004,PADASUKA,32.73.14,CIBEUNYING KIDUL,32.73.14.1001,PADASUKA,BANK SAMPAH UNIT RW.01 KEL. PADASUKA,KANTOR RW.01 BELAKANG KANTOR PUSKESMAS PADASUKA,2025
246,32,JAWA BARAT,3273,KOTA BANDUNG,3273210,CIBEUNYING KIDUL,3273210004,PADASUKA,32.73.14,CIBEUNYING KIDUL,32.73.14.1001,PADASUKA,BANK SAMPAH TERATAI RW 02,JL. BBK ANDIR RT 06 RW 02.,2025
247,32,JAWA BARAT,3273,KOTA BANDUNG,3273210,CIBEUNYING KIDUL,3273210004,PADASUKA,32.73.14,CIBEUNYING KIDUL,32.73.14.1001,PADASUKA,BANK SAMPAH SAUYUNAN 03,JL. SEKEPONDOK RT 07 /03,2025
248,32,JAWA BARAT,3273,KOTA BANDUNG,3273210,CIBEUNYING KIDUL,3273210004,PADASUKA,32.73.14,CIBEUNYING KIDUL,32.73.14.1001,PADASUKA,BANK SAMPAH NEGLASARI MAKMUR RW 04,JL NEGLASARI,2025
249,32,JAWA BARAT,3273,KOTA BANDUNG,3273210,CIBEUNYING KIDUL,3273210004,PADASUKA,32.73.14,CIBEUNYING KIDUL,32.73.14.1001,PADASUKA,BANK SAMPAH MELATI PUTIH RW 05 ,CIDURIAN NO. 24/208 C RW 05 ,2025
250,32,JAWA BARAT,3273,KOTA BANDUNG,3273210,CIBEUNYING KIDUL,3273210004,PADASUKA,32.73.14,CIBEUNYING KIDUL,32.73.14.1001,PADASUKA,BANK SAMPAHTANJUNG 06 ,JL. BBK H TAMIM RW 06,2025
251,32,JAWA BARAT,3273,KOTA BANDUNG,3273210,CIBEUNYING KIDUL,3273210004,PADASUKA,32.73.14,CIBEUNYING KIDUL,32.73.14.1001,PADASUKA,BANK SAMPAH CITRA 07,JL. CIDURIAN UTARA RT 02 RW 07,2025
252,32,JAWA BARAT,3273,KOTA BANDUNG,3273210,CIBEUNYING KIDUL,3273210004,PADASUKA,32.73.14,CIBEUNYING KIDUL,32.73.14.1001,PADASUKA,BANK SAMPAH ROS RW 08, RW 09,2025
253,32,JAWA BARAT,3273,KOTA BANDUNG,3273210,CIBEUNYING KIDUL,3273210004,PADASUKA,32.73.14,CIBEUNYING KIDUL,32.73.14.1001,PADASUKA,BANK SAMPAH PLAMBOYAN RW 09,JLN SEKEPONDOK 1 RT 06  RW 09 (GEDUNG SERBA GUNA RW 09),2025
254,32,JAWA BARAT,3273,KOTA BANDUNG,3273210,CIBEUNYING KIDUL,3273210004,PADASUKA,32.73.14,CIBEUNYING KIDUL,32.73.14.1001,PADASUKA,BANK SAMPAH LET'S GO RW 10,,2025
255,32,JAWA BARAT,3273,KOTA BANDUNG,3273210,CIBEUNYING KIDUL,3273210004,PADASUKA,32.73.14,CIBEUNYING KIDUL,32.73.14.1001,PADASUKA,BANK SAMPAH SEGA MANDIRI RW 11 ,GSG RW 11 ,2025
256,32,JAWA BARAT,3273,KOTA BANDUNG,3273210,CIBEUNYING KIDUL,3273210004,PADASUKA,32.73.14,CIBEUNYING KIDUL,32.73.14.1001,PADASUKA,BANK SAMPAH ASTER RW.12 KEL PADASUKA,JL. SUKASIRNA RT 01 RW 12 ,2025
257,32,JAWA BARAT,3273,KOTA BANDUNG,3273210,CIBEUNYING KIDUL,3273210004,PADASUKA,32.73.14,CIBEUNYING KIDUL,32.73.14.1001,PADASUKA,BANK SAMPAH DAHLIA RW 13,JL.BBK.H.TAMIM GG.H.TAMIM VIII,2025
258,32,JAWA BARAT,3273,KOTA BANDUNG,3273210,CIBEUNYING KIDUL,3273210004,PADASUKA,32.73.14,CIBEUNYING KIDUL,32.73.14.1001,PADASUKA,BANK SAMPAH SETIA MANDIRI RW.14 KEL. PADASUKA,JL. SETIA RT.07 RW.14,2025
259,32,JAWA BARAT,3273,KOTA BANDUNG,3273210,CIBEUNYING KIDUL,3273210004,PADASUKA,32.73.14,CIBEUNYING KIDUL,32.73.14.1001,PADASUKA,BANK SAMPAH BRINKA RW.15 KEL. PADASUKA,JL. CIKUTRA GG. SUKAPADA KEL PADASUKA I  RW.15 RT.03,2025
260,32,JAWA BARAT,3273,KOTA BANDUNG,3273210,CIBEUNYING KIDUL,3273210004,PADASUKA,32.73.14,CIBEUNYING KIDUL,32.73.14.1001,PADASUKA,BANK SAMPAH SEROJA RW.15 KEL. PADASUKA,JLN PHH MUSTOPA  GG.SUKAPADA RT.02/RW.16,2025
261,32,JAWA BARAT,3273,KOTA BANDUNG,3273210,CIBEUNYING KIDUL,3273210004,PADASUKA,32.73.14,CIBEUNYING KIDUL,32.73.14.1001,PADASUKA,BANK SAMPAH GATEWAY,GATEWAY,2025
262,32,JAWA BARAT,3273,KOTA BANDUNG,3273210,CIBEUNYING KIDUL,3273210005,PASIRLAYUNG,32.73.14,CIBEUNYING KIDUL,32.73.14.1006,PASIRLAYUNG,BANK SAMPAH UNIT GVR.,"GREEN VALLEY RESIDENCE BLOK C14 RT 7, RW 1, PASIRLAYUNG",2025
263,32,JAWA BARAT,3273,KOTA BANDUNG,3273210,CIBEUNYING KIDUL,3273210005,PASIRLAYUNG,32.73.14,CIBEUNYING KIDUL,32.73.14.1006,PASIRLAYUNG,BANK SAMPAH UNIT RW.01 KEL. PASIRLAYUNG,"GEDUNG SERBA GUNA PASIRLAYUNG ASRI RT 6, RW 1, PASIRLAYUNG",2025
264,32,JAWA BARAT,3273,KOTA BANDUNG,3273210,CIBEUNYING KIDUL,3273210005,PASIRLAYUNG,32.73.14,CIBEUNYING KIDUL,32.73.14.1006,PASIRLAYUNG,BNAK SAMPAH UNIT BSU BERSEMI RW.02 KEL.PASIRLAYUNG ,JL. PASIRLAYUNG TENGAH NO. 9,2025
265,32,JAWA BARAT,3273,KOTA BANDUNG,3273210,CIBEUNYING KIDUL,3273210005,PASIRLAYUNG,32.73.14,CIBEUNYING KIDUL,32.73.14.1006,PASIRLAYUNG,BSU RENGGANIS RW  03,GEDUNG SERBA GUNA JL PASIRLAYUNG RT02/RW03 KEL. PASIRLAYUNG,2025
266,32,JAWA BARAT,3273,KOTA BANDUNG,3273210,CIBEUNYING KIDUL,3273210005,PASIRLAYUNG,32.73.14,CIBEUNYING KIDUL,32.73.14.1006,PASIRLAYUNG,"BANK SAMPAH UNIT BANK SAMPAH SAUYUNAN RW 04, KEL. PASIRLAYUNG",JALAN SIRNAGALIH NO.16F RT 05 RW 04,2025
267,32,JAWA BARAT,3273,KOTA BANDUNG,3273210,CIBEUNYING KIDUL,3273210005,PASIRLAYUNG,32.73.14,CIBEUNYING KIDUL,32.73.14.1006,PASIRLAYUNG,BANK SAMPAH UNIT RW 05 KEL. PASIRLAYUNG,MADRASAH RW 05,2025
268,32,JAWA BARAT,3273,KOTA BANDUNG,3273210,CIBEUNYING KIDUL,3273210005,PASIRLAYUNG,32.73.14,CIBEUNYING KIDUL,32.73.14.1006,PASIRLAYUNG,BSU KATINEUNG RW 06 KEL. PASIRLAYUNG,KANTOR SG RW 06 JL. BABAKAN CIHAPIT RT.08 RW.06,2025
269,32,JAWA BARAT,3273,KOTA BANDUNG,3273210,CIBEUNYING KIDUL,3273210005,PASIRLAYUNG,32.73.14,CIBEUNYING KIDUL,32.73.14.1006,PASIRLAYUNG,BSU SEDAP MALAM RW.08,PASIRLAYUNG RT04/RW08,2025
270,32,JAWA BARAT,3273,KOTA BANDUNG,3273210,CIBEUNYING KIDUL,3273210005,PASIRLAYUNG,32.73.14,CIBEUNYING KIDUL,32.73.14.1006,PASIRLAYUNG,BSU LESTARI RW 09, GG.IRIT RW 09  PASIRLAYUNG,2025
271,32,JAWA BARAT,3273,KOTA BANDUNG,3273210,CIBEUNYING KIDUL,3273210005,PASIRLAYUNG,32.73.14,CIBEUNYING KIDUL,32.73.14.1006,PASIRLAYUNG,BANK SAMPAH UNIT HARMONY'S RW 10,JLN PADASUKA GG.MOCH. WIJAYA RT 05 RW 10,2025
272,32,JAWA BARAT,3273,KOTA BANDUNG,3273210,CIBEUNYING KIDUL,3273210005,PASIRLAYUNG,32.73.14,CIBEUNYING KIDUL,32.73.14.1006,PASIRLAYUNG,BANK SAMPAH UNIT CEMPAKA 11,JL CIMUNCANG RT 05 RW 11 BBK GEMPOL,2025
273,32,JAWA BARAT,3273,KOTA BANDUNG,3273210,CIBEUNYING KIDUL,3273210005,PASIRLAYUNG,32.73.14,CIBEUNYING KIDUL,32.73.14.1006,PASIRLAYUNG,BSU BERSIH INDAH RW 12 PASIRLAYUNG,JL. CIMUNCANG GG. SANEM RT.01 RW.12,2025
274,32,JAWA BARAT,3273,KOTA BANDUNG,3273210,CIBEUNYING KIDUL,3273210005,PASIRLAYUNG,32.73.14,CIBEUNYING KIDUL,32.73.14.1006,PASIRLAYUNG,BSU BERSEKA RW 13 ,GANG BPK WIRIA RT 03/RW 13 KEL PASIRLAYUNG ,2025
275,32,JAWA BARAT,3273,KOTA BANDUNG,3273210,CIBEUNYING KIDUL,3273210005,PASIRLAYUNG,32.73.14,CIBEUNYING KIDUL,32.73.14.1006,PASIRLAYUNG,BSU RESIK BERKAH 07,JLN UTAMA RT 05 /07,2025
276,32,JAWA BARAT,3273,KOTA BANDUNG,3273210,CIBEUNYING KIDUL,3273210005,PASIRLAYUNG,32.73.14,CIBEUNYING KIDUL,32.73.14.1006,PASIRLAYUNG,BANK SAMPAH KEL. PASIRLAYUNG,KANTOR KEL. PASIRLAYUNG,2025
277,32,JAWA BARAT,3273,KOTA BANDUNG,3273210,CIBEUNYING KIDUL,3273210001,SUKAMAJU,32.73.14,CIBEUNYING KIDUL,32.73.14.1004,SUKAMAJU,BANK SAMPAH KEL. SUKAMAJU,DARI RW.01 S/D RW.12,2025
278,32,JAWA BARAT,3273,KOTA BANDUNG,3273210,CIBEUNYING KIDUL,3273210001,SUKAMAJU,32.73.14,CIBEUNYING KIDUL,32.73.14.1004,SUKAMAJU,BANK SAMPAH KEL. SUKAMAJU,DARI RT.01 S/D RT.07,2025
279,32,JAWA BARAT,3273,KOTA BANDUNG,3273210,CIBEUNYING KIDUL,3273210006,SUKAPADA,32.73.14,CIBEUNYING KIDUL,32.73.14.1005,SUKAPADA,BANK SAMPAH KEL. SUKAPADA DAN RW.09,KANTOR KEL. SUKAPADA,2025
280,32,JAWA BARAT,3273,KOTA BANDUNG,3273210,CIBEUNYING KIDUL,3273210006,SUKAPADA,32.73.14,CIBEUNYING KIDUL,32.73.14.1005,SUKAPADA,BANK SAMPAH UNIT AMARILIS RW 08 KEL. SUKAPADA,KANTOR SERBA GUNA L.BABAKAN BARU RT 05 RW 08 KEL. SUKAPADA,2025
281,32,JAWA BARAT,3273,KOTA BANDUNG,3273210,CIBEUNYING KIDUL,3273210006,SUKAPADA,32.73.14,CIBEUNYING KIDUL,32.73.14.1005,SUKAPADA,BANK SAMPAH CAANG RW 16 SUKAPADA,JL.BABAKAN BARU RT 04 RW 16 KEL. SUKAPADA,2025
